"marker";"friend";"marker.index";"friend.index";"friend.rank"
"ABCA13|154664";"HNSCC25";63;24;1
"ABCA13|154664";"HNSCC23";63;22;2
"ABCA13|154664";"HNSCC24";63;23;3
"ABCA13|154664";"HNSCC35";63;33;4
"ABCA13|154664";"HNSCC43";63;40;5
"ABCA13|154664";"HNSCC9";63;8;6
"ABCA13|154664";"HNSCC5";63;5;7
"ABCA13|154664";"HNSCC42";63;39;8
"ABCA13|154664";"HNSCC3";63;3;9
"ABCA13|154664";"HNSCC7";63;7;10
"ABCA13|154664";"HNSCC34";63;32;11
"ABCA13|154664";"HNSCC12";63;11;12
"ABCA13|154664";"HNSCC46";63;43;13
"ABCA13|154664";"HNSCC15";63;14;14
"ABCA13|154664";"HNSCC21";63;20;15
"ABCA13|154664";"HNSCC31";63;30;16
"ABCA13|154664";"HNSCC6";63;6;17
"ABCA13|154664";"HNSCC14";63;13;18
"ABCA13|154664";"HNSCC40";63;37;19
"ABCA13|154664";"HNSCC45";63;42;20
"ABCA13|154664";"HNSCC41";63;38;21
"ABCA13|154664";"HNSCC17";63;16;22
"ABCA13|154664";"HNSCC2";63;2;23
"ABCA13|154664";"HNSCC1";63;1;24
"ABCA13|154664";"HNSCC16";63;15;25
"ABCA13|154664";"HNSCC48";63;45;26
"ABCA13|154664";"HNSCC47";63;44;27
"AMDHD1|144193";"HNSCC19";615;18;1
"AMDHD1|144193";"HNSCC42";615;39;2
"AMDHD1|144193";"HNSCC7";615;7;3
"AMDHD1|144193";"HNSCC15";615;14;4
"AMDHD1|144193";"HNSCC4";615;4;5
"AMDHD1|144193";"HNSCC50";615;47;6
"AMDHD1|144193";"HNSCC13";615;12;7
"AMDHD1|144193";"HNSCC5";615;5;8
"AMDHD1|144193";"HNSCC37";615;35;9
"AMDHD1|144193";"HNSCC11";615;10;10
"AMDHD1|144193";"HNSCC44";615;41;11
"AMDHD1|144193";"HNSCC10";615;9;12
"ATP13A5|344905";"HNSCC50";1200;47;1
"ATP13A5|344905";"HNSCC44";1200;41;2
"ATP13A5|344905";"HNSCC23";1200;22;3
"ATP13A5|344905";"HNSCC24";1200;23;4
"ATP13A5|344905";"HNSCC5";1200;5;5
"ATP13A5|344905";"HNSCC46";1200;43;6
"ATP13A5|344905";"HNSCC3";1200;3;7
"ATP13A5|344905";"HNSCC42";1200;39;8
"ATP13A5|344905";"HNSCC20";1200;19;9
"ATP13A5|344905";"HNSCC9";1200;8;10
"ATP13A5|344905";"HNSCC38";1200;36;11
"ATP13A5|344905";"HNSCC43";1200;40;12
"C16orf73|254528";"HNSCC11";1981;10;1
"C16orf73|254528";"HNSCC16";1981;15;2
"C16orf73|254528";"HNSCC42";1981;39;3
"C16orf73|254528";"HNSCC43";1981;40;4
"C16orf73|254528";"HNSCC26";1981;25;5
"C16orf73|254528";"HNSCC25";1981;24;6
"C16orf73|254528";"HNSCC48";1981;45;7
"C16orf73|254528";"HNSCC2";1981;2;8
"C16orf73|254528";"HNSCC12";1981;11;9
"C16orf73|254528";"HNSCC5";1981;5;10
"C16orf73|254528";"HNSCC6";1981;6;11
"C16orf73|254528";"HNSCC34";1981;32;12
"C16orf73|254528";"HNSCC41";1981;38;13
"C16orf73|254528";"HNSCC17";1981;16;14
"C16orf73|254528";"HNSCC10";1981;9;15
"C16orf73|254528";"UPPP118";1981;65;16
"C1orf110|339512";"HNSCC25";2162;24;1
"C1orf110|339512";"HNSCC17";2162;16;2
"C1orf110|339512";"HNSCC42";2162;39;3
"C1orf110|339512";"HNSCC7";2162;7;4
"C1orf110|339512";"HNSCC48";2162;45;5
"C1orf110|339512";"HNSCC45";2162;42;6
"C1orf110|339512";"HNSCC23";2162;22;7
"C1orf110|339512";"HNSCC14";2162;13;8
"C1orf110|339512";"HNSCC10";2162;9;9
"C1orf110|339512";"HNSCC31";2162;30;10
"C1orf110|339512";"HNSCC38";2162;36;11
"C1orf110|339512";"HNSCC32";2162;31;12
"C1orf110|339512";"HNSCC20";2162;19;13
"C1orf110|339512";"HNSCC16";2162;15;14
"CEL|1056";"HNSCC16";3572;15;1
"CEL|1056";"HNSCC1";3572;1;2
"CEL|1056";"HNSCC48";3572;45;3
"CEL|1056";"HNSCC29";3572;28;4
"CEL|1056";"HNSCC14";3572;13;5
"CEL|1056";"HNSCC4";3572;4;6
"CEL|1056";"HNSCC34";3572;32;7
"CEL|1056";"HNSCC31";3572;30;8
"CEL|1056";"HNSCC44";3572;41;9
"CEL|1056";"HNSCC45";3572;42;10
"CEL|1056";"HNSCC23";3572;22;11
"CEL|1056";"HNSCC19";3572;18;12
"COL11A1|1301";"HNSCC5";4032;5;1
"COL11A1|1301";"HNSCC15";4032;14;2
"COL11A1|1301";"HNSCC41";4032;38;3
"COL11A1|1301";"HNSCC13";4032;12;4
"COL11A1|1301";"HNSCC31";4032;30;5
"COL11A1|1301";"HNSCC29";4032;28;6
"COL11A1|1301";"HNSCC47";4032;44;7
"COL11A1|1301";"HNSCC46";4032;43;8
"COL11A1|1301";"HNSCC49";4032;46;9
"COL11A1|1301";"HNSCC50";4032;47;10
"COL11A1|1301";"HNSCC38";4032;36;11
"COL11A1|1301";"HNSCC14";4032;13;12
"COL11A1|1301";"HNSCC19";4032;18;13
"COL11A1|1301";"HNSCC12";4032;11;14
"COL11A1|1301";"HNSCC3";4032;3;15
"COL11A1|1301";"HNSCC43";4032;40;16
"COL11A1|1301";"HNSCC7";4032;7;17
"COL11A1|1301";"HNSCC1";4032;1;18
"COL11A1|1301";"HNSCC24";4032;23;19
"COL11A1|1301";"HNSCC10";4032;9;20
"COL11A1|1301";"HNSCC45";4032;42;21
"COL11A1|1301";"HNSCC20";4032;19;22
"COL11A1|1301";"HNSCC40";4032;37;23
"COL11A1|1301";"HNSCC37";4032;35;24
"COL11A1|1301";"HNSCC48";4032;45;25
"COL11A1|1301";"HNSCC16";4032;15;26
"COL11A1|1301";"HNSCC35";4032;33;27
"COL11A1|1301";"HNSCC22";4032;21;28
"COL11A1|1301";"HNSCC11";4032;10;29
"COL11A1|1301";"HNSCC28";4032;27;30
"COL11A1|1301";"HNSCC21";4032;20;31
"COL11A1|1301";"HNSCC32";4032;31;32
"COL11A1|1301";"HNSCC6";4032;6;33
"COL11A1|1301";"HNSCC36";4032;34;34
"COL11A1|1301";"HNSCC4";4032;4;35
"COL11A1|1301";"HNSCC42";4032;39;36
"COL22A1|169044";"HNSCC24";4046;23;1
"COL22A1|169044";"HNSCC29";4046;28;2
"COL22A1|169044";"HNSCC28";4046;27;3
"COL22A1|169044";"HNSCC14";4046;13;4
"COL22A1|169044";"HNSCC45";4046;42;5
"COL22A1|169044";"HNSCC47";4046;44;6
"COL22A1|169044";"HNSCC3";4046;3;7
"COL22A1|169044";"HNSCC16";4046;15;8
"COL22A1|169044";"HNSCC5";4046;5;9
"COL22A1|169044";"HNSCC49";4046;46;10
"COL22A1|169044";"HNSCC30";4046;29;11
"COL22A1|169044";"HNSCC22";4046;21;12
"COL22A1|169044";"HNSCC40";4046;37;13
"COL22A1|169044";"HNSCC38";4046;36;14
"COL22A1|169044";"HNSCC36";4046;34;15
"COL22A1|169044";"HNSCC32";4046;31;16
"COL22A1|169044";"HNSCC6";4046;6;17
"COL22A1|169044";"HNSCC35";4046;33;18
"COL22A1|169044";"HNSCC1";4046;1;19
"COL22A1|169044";"HNSCC21";4046;20;20
"COL22A1|169044";"HNSCC9";4046;8;21
"COL22A1|169044";"HNSCC13";4046;12;22
"COL22A1|169044";"HNSCC44";4046;41;23
"COL22A1|169044";"HNSCC12";4046;11;24
"COL7A1|1294";"HNSCC3";4070;3;1
"COL7A1|1294";"HNSCC37";4070;35;2
"COL7A1|1294";"HNSCC16";4070;15;3
"COL7A1|1294";"HNSCC25";4070;24;4
"COL7A1|1294";"HNSCC24";4070;23;5
"COL7A1|1294";"HNSCC23";4070;22;6
"COL7A1|1294";"HNSCC41";4070;38;7
"COL7A1|1294";"HNSCC14";4070;13;8
"COL7A1|1294";"HNSCC4";4070;4;9
"COL7A1|1294";"HNSCC9";4070;8;10
"COL7A1|1294";"HNSCC26";4070;25;11
"COL7A1|1294";"HNSCC44";4070;41;12
"COL7A1|1294";"HNSCC48";4070;45;13
"COL7A1|1294";"HNSCC17";4070;16;14
"COL7A1|1294";"HNSCC45";4070;42;15
"COL7A1|1294";"HNSCC42";4070;39;16
"COL7A1|1294";"HNSCC29";4070;28;17
"COL7A1|1294";"HNSCC13";4070;12;18
"COL7A1|1294";"HNSCC1";4070;1;19
"COL7A1|1294";"HNSCC35";4070;33;20
"COL7A1|1294";"HNSCC36";4070;34;21
"COL7A1|1294";"HNSCC7";4070;7;22
"COL7A1|1294";"HNSCC15";4070;14;23
"COL7A1|1294";"HNSCC43";4070;40;24
"COL7A1|1294";"HNSCC12";4070;11;25
"COL7A1|1294";"HNSCC19";4070;18;26
"COL7A1|1294";"HNSCC32";4070;31;27
"COL7A1|1294";"HNSCC11";4070;10;28
"COL7A1|1294";"HNSCC47";4070;44;29
"COMP|1311";"HNSCC31";4090;30;1
"COMP|1311";"HNSCC14";4090;13;2
"COMP|1311";"HNSCC49";4090;46;3
"COMP|1311";"HNSCC5";4090;5;4
"COMP|1311";"HNSCC15";4090;14;5
"COMP|1311";"HNSCC13";4090;12;6
"COMP|1311";"HNSCC41";4090;38;7
"COMP|1311";"HNSCC7";4090;7;8
"COMP|1311";"HNSCC35";4090;33;9
"COMP|1311";"HNSCC20";4090;19;10
"COMP|1311";"HNSCC50";4090;47;11
"COMP|1311";"HNSCC38";4090;36;12
"COMP|1311";"HNSCC19";4090;18;13
"COMP|1311";"HNSCC22";4090;21;14
"COMP|1311";"HNSCC43";4090;40;15
"CR2|1380";"UPPP108";4209;55;1
"CR2|1380";"UPPP104";4209;51;2
"CR2|1380";"UPPP122";4209;69;3
"CR2|1380";"UPPP123";4209;70;4
"CR2|1380";"UPPP125";4209;72;5
"CR2|1380";"UPPP115";4209;62;6
"CR2|1380";"UPPP101";4209;48;7
"CR2|1380";"UPPP103";4209;50;8
"CR2|1380";"UPPP112";4209;59;9
"CR2|1380";"UPPP102";4209;49;10
"CR2|1380";"UPPP110";4209;57;11
"CR2|1380";"UPPP116";4209;63;12
"CR2|1380";"UPPP105";4209;52;13
"CR2|1380";"UPPP119";4209;66;14
"CR2|1380";"UPPP106";4209;53;15
"CR2|1380";"UPPP114";4209;61;16
"CR2|1380";"UPPP111";4209;58;17
"CSAG2|728461";"HNSCC32";4295;31;1
"CSAG2|728461";"HNSCC45";4295;42;2
"CSAG2|728461";"HNSCC17";4295;16;3
"CSAG2|728461";"HNSCC19";4295;18;4
"CSAG2|728461";"HNSCC30";4295;29;5
"CSAG2|728461";"HNSCC7";4295;7;6
"CSAG2|728461";"HNSCC16";4295;15;7
"CSAG2|728461";"HNSCC11";4295;10;8
"CSAG2|728461";"HNSCC37";4295;35;9
"CSAG2|728461";"HNSCC29";4295;28;10
"CSAG2|728461";"HNSCC24";4295;23;11
"CSAG2|728461";"HNSCC2";4295;2;12
"CXorf22|170063";"HNSCC42";4497;39;1
"CXorf22|170063";"HNSCC15";4497;14;2
"CXorf22|170063";"HNSCC23";4497;22;3
"CXorf22|170063";"HNSCC1";4497;1;4
"CXorf22|170063";"HNSCC7";4497;7;5
"CXorf22|170063";"HNSCC13";4497;12;6
"CXorf22|170063";"HNSCC17";4497;16;7
"CXorf22|170063";"HNSCC50";4497;47;8
"CXorf22|170063";"HNSCC43";4497;40;9
"CXorf22|170063";"HNSCC4";4497;4;10
"CXorf22|170063";"HNSCC48";4497;45;11
"CXorf22|170063";"HNSCC16";4497;15;12
"CXorf22|170063";"HNSCC45";4497;42;13
"CXorf22|170063";"HNSCC9";4497;8;14
"CXorf22|170063";"HNSCC41";4497;38;15
"CXorf59|286464";"HNSCC42";4515;39;1
"CXorf59|286464";"HNSCC15";4515;14;2
"CXorf59|286464";"HNSCC1";4515;1;3
"CXorf59|286464";"HNSCC23";4515;22;4
"CXorf59|286464";"HNSCC7";4515;7;5
"CXorf59|286464";"HNSCC13";4515;12;6
"CXorf59|286464";"HNSCC50";4515;47;7
"CXorf59|286464";"HNSCC43";4515;40;8
"CXorf59|286464";"HNSCC17";4515;16;9
"CXorf59|286464";"HNSCC31";4515;30;10
"CXorf59|286464";"HNSCC16";4515;15;11
"CYP26A1|1592";"HNSCC30";4558;29;1
"CYP26A1|1592";"HNSCC15";4558;14;2
"CYP26A1|1592";"HNSCC49";4558;46;3
"CYP26A1|1592";"HNSCC13";4558;12;4
"CYP26A1|1592";"HNSCC41";4558;38;5
"CYP26A1|1592";"HNSCC1";4558;1;6
"CYP26A1|1592";"HNSCC43";4558;40;7
"CYP26A1|1592";"HNSCC5";4558;5;8
"CYP26A1|1592";"HNSCC14";4558;13;9
"CYP26A1|1592";"HNSCC38";4558;36;10
"CYP26A1|1592";"HNSCC21";4558;20;11
"CYP26A1|1592";"HNSCC10";4558;9;12
"CYP26A1|1592";"HNSCC23";4558;22;13
"CYP26A1|1592";"HNSCC11";4558;10;14
"HOXD11|3237";"HNSCC16";8035;15;1
"HOXD11|3237";"HNSCC19";8035;18;2
"HOXD11|3237";"HNSCC29";8035;28;3
"HOXD11|3237";"HNSCC26";8035;25;4
"HOXD11|3237";"HNSCC4";8035;4;5
"HOXD11|3237";"HNSCC5";8035;5;6
"HOXD11|3237";"HNSCC48";8035;45;7
"HOXD11|3237";"HNSCC31";8035;30;8
"HOXD11|3237";"HNSCC42";8035;39;9
"HOXD11|3237";"HNSCC49";8035;46;10
"HOXD11|3237";"HNSCC12";8035;11;11
"HOXD11|3237";"HNSCC28";8035;27;12
"HOXD11|3237";"HNSCC10";8035;9;13
"HOXD11|3237";"HNSCC25";8035;24;14
"HOXD11|3237";"HNSCC30";8035;29;15
"HOXD11|3237";"HNSCC22";8035;21;16
"HOXD11|3237";"HNSCC11";8035;10;17
"HOXD11|3237";"HNSCC36";8035;34;18
"HOXD11|3237";"HNSCC44";8035;41;19
"HOXD11|3237";"HNSCC13";8035;12;20
"HOXD11|3237";"HNSCC34";8035;32;21
"HOXD11|3237";"HNSCC23";8035;22;22
"HOXD11|3237";"HNSCC2";8035;2;23
"HOXD11|3237";"HNSCC47";8035;44;24
"HOXD11|3237";"HNSCC21";8035;20;25
"HOXD11|3237";"UPPP125";8035;72;26
"KRT17|3872";"HNSCC4";9229;4;1
"KRT17|3872";"HNSCC28";9229;27;2
"KRT17|3872";"HNSCC23";9229;22;3
"KRT17|3872";"HNSCC38";9229;36;4
"KRT17|3872";"HNSCC15";9229;14;5
"KRT17|3872";"HNSCC26";9229;25;6
"KRT17|3872";"HNSCC37";9229;35;7
"KRT17|3872";"HNSCC49";9229;46;8
"KRT17|3872";"HNSCC36";9229;34;9
"KRT17|3872";"HNSCC3";9229;3;10
"KRT17|3872";"HNSCC29";9229;28;11
"KRT17|3872";"HNSCC14";9229;13;12
"KRT17|3872";"HNSCC31";9229;30;13
"KRT17|3872";"HNSCC6";9229;6;14
"KRT17|3872";"HNSCC46";9229;43;15
"KRT17|3872";"HNSCC43";9229;40;16
"KRT17|3872";"HNSCC19";9229;18;17
"KRT17|3872";"HNSCC20";9229;19;18
"KRT17|3872";"HNSCC47";9229;44;19
"KRT17|3872";"HNSCC41";9229;38;20
"KRT17|3872";"HNSCC24";9229;23;21
"KRT17|3872";"HNSCC13";9229;12;22
"KRT17|3872";"HNSCC5";9229;5;23
"KRT17|3872";"HNSCC12";9229;11;24
"KRT17|3872";"HNSCC9";9229;8;25
"KRT17|3872";"HNSCC32";9229;31;26
"KRT17|3872";"HNSCC35";9229;33;27
"KRT17|3872";"HNSCC22";9229;21;28
"KRT17|3872";"HNSCC16";9229;15;29
"KRT17|3872";"HNSCC10";9229;9;30
"KRT17|3872";"HNSCC42";9229;39;31
"KRT17|3872";"HNSCC40";9229;37;32
"KRT17|3872";"HNSCC44";9229;41;33
"LST-3TM12|338821";"HNSCC50";10382;47;1
"LST-3TM12|338821";"HNSCC43";10382;40;2
"LST-3TM12|338821";"HNSCC20";10382;19;3
"LST-3TM12|338821";"HNSCC37";10382;35;4
"LST-3TM12|338821";"HNSCC35";10382;33;5
"LST-3TM12|338821";"HNSCC10";10382;9;6
"LST-3TM12|338821";"HNSCC1";10382;1;7
"LST-3TM12|338821";"HNSCC15";10382;14;8
"LST-3TM12|338821";"HNSCC19";10382;18;9
"LST-3TM12|338821";"HNSCC31";10382;30;10
"LST-3TM12|338821";"HNSCC17";10382;16;11
"MMP10|4319";"HNSCC47";11011;44;1
"MMP10|4319";"HNSCC5";11011;5;2
"MMP10|4319";"HNSCC31";11011;30;3
"MMP10|4319";"HNSCC38";11011;36;4
"MMP10|4319";"HNSCC12";11011;11;5
"MMP10|4319";"HNSCC34";11011;32;6
"MMP10|4319";"HNSCC18";11011;17;7
"MMP10|4319";"HNSCC49";11011;46;8
"MMP10|4319";"HNSCC11";11011;10;9
"MMP10|4319";"HNSCC14";11011;13;10
"MMP10|4319";"HNSCC46";11011;43;11
"MMP10|4319";"HNSCC4";11011;4;12
"MMP10|4319";"HNSCC36";11011;34;13
"MMP10|4319";"HNSCC26";11011;25;14
"MMP10|4319";"HNSCC15";11011;14;15
"MMP13|4322";"HNSCC46";11014;43;1
"MMP13|4322";"HNSCC41";11014;38;2
"MMP13|4322";"HNSCC31";11014;30;3
"MMP13|4322";"HNSCC47";11014;44;4
"MMP13|4322";"HNSCC11";11014;10;5
"MMP13|4322";"HNSCC38";11014;36;6
"MMP13|4322";"HNSCC15";11014;14;7
"MMP13|4322";"HNSCC5";11014;5;8
"MMP13|4322";"HNSCC29";11014;28;9
"MMP13|4322";"HNSCC20";11014;19;10
"MMP13|4322";"HNSCC49";11014;46;11
"MMP13|4322";"HNSCC12";11014;11;12
"MMP13|4322";"HNSCC13";11014;12;13
"MMP13|4322";"HNSCC4";11014;4;14
"MMP13|4322";"HNSCC14";11014;13;15
"MMP13|4322";"HNSCC19";11014;18;16
"MMP13|4322";"HNSCC26";11014;25;17
"MMP13|4322";"HNSCC7";11014;7;18
"MMP13|4322";"HNSCC25";11014;24;19
"MMP13|4322";"HNSCC3";11014;3;20
"MMP3|4314";"HNSCC38";11031;36;1
"MMP3|4314";"HNSCC15";11031;14;2
"MMP3|4314";"HNSCC4";11031;4;3
"MMP3|4314";"HNSCC3";11031;3;4
"MMP3|4314";"HNSCC47";11031;44;5
"MMP3|4314";"HNSCC18";11031;17;6
"MMP3|4314";"HNSCC46";11031;43;7
"MMP3|4314";"HNSCC19";11031;18;8
"MMP3|4314";"HNSCC49";11031;46;9
"MMP3|4314";"HNSCC14";11031;13;10
"MMP3|4314";"HNSCC20";11031;19;11
"MMP3|4314";"HNSCC23";11031;22;12
"MMP3|4314";"HNSCC29";11031;28;13
"MMP3|4314";"HNSCC34";11031;32;14
"MMP3|4314";"HNSCC5";11031;5;15
"MMP3|4314";"HNSCC44";11031;41;16
"MMP3|4314";"HNSCC41";11031;38;17
"MMP3|4314";"HNSCC45";11031;42;18
"MMP3|4314";"HNSCC26";11031;25;19
"MMP3|4314";"HNSCC10";11031;9;20
"MMP3|4314";"HNSCC42";11031;39;21
"NKX2-4|644524";"HNSCC42";11907;39;1
"NKX2-4|644524";"HNSCC48";11907;45;2
"NKX2-4|644524";"HNSCC14";11907;13;3
"NKX2-4|644524";"HNSCC40";11907;37;4
"NKX2-4|644524";"HNSCC37";11907;35;5
"NOS2|4843";"HNSCC35";12000;33;1
"NOS2|4843";"HNSCC24";12000;23;2
"NOS2|4843";"HNSCC45";12000;42;3
"NOS2|4843";"HNSCC3";12000;3;4
"NOS2|4843";"HNSCC42";12000;39;5
"NOS2|4843";"HNSCC34";12000;32;6
"NOS2|4843";"HNSCC9";12000;8;7
"NOS2|4843";"HNSCC7";12000;7;8
"NOS2|4843";"HNSCC6";12000;6;9
"NOS2|4843";"HNSCC23";12000;22;10
"NOS2|4843";"HNSCC22";12000;21;11
"NOS2|4843";"HNSCC21";12000;20;12
"NOS2|4843";"HNSCC32";12000;31;13
"NOS2|4843";"HNSCC19";12000;18;14
"NOS2|4843";"HNSCC12";12000;11;15
"OCA2|4948";"HNSCC30";12281;29;1
"OCA2|4948";"HNSCC32";12281;31;2
"OCA2|4948";"HNSCC24";12281;23;3
"OCA2|4948";"HNSCC22";12281;21;4
"OCA2|4948";"HNSCC17";12281;16;5
"OCA2|4948";"HNSCC23";12281;22;6
"OCA2|4948";"HNSCC14";12281;13;7
"OCA2|4948";"HNSCC47";12281;44;8
"OCA2|4948";"HNSCC3";12281;3;9
"OCA2|4948";"HNSCC40";12281;37;10
"OCA2|4948";"HNSCC28";12281;27;11
"PIWIL2|55124";"HNSCC42";13479;39;1
"PIWIL2|55124";"HNSCC41";13479;38;2
"PIWIL2|55124";"HNSCC6";13479;6;3
"PIWIL2|55124";"HNSCC17";13479;16;4
"PIWIL2|55124";"HNSCC48";13479;45;5
"PIWIL2|55124";"HNSCC32";13479;31;6
"PIWIL2|55124";"HNSCC43";13479;40;7
"PIWIL2|55124";"HNSCC26";13479;25;8
"PIWIL2|55124";"HNSCC11";13479;10;9
"PIWIL2|55124";"HNSCC45";13479;42;10
"PIWIL2|55124";"HNSCC46";13479;43;11
"PIWIL2|55124";"HNSCC27";13479;26;12
"POSTN|10631";"HNSCC5";13802;5;1
"POSTN|10631";"HNSCC31";13802;30;2
"POSTN|10631";"HNSCC46";13802;43;3
"POSTN|10631";"HNSCC12";13802;11;4
"POSTN|10631";"HNSCC43";13802;40;5
"POSTN|10631";"HNSCC15";13802;14;6
"POSTN|10631";"HNSCC29";13802;28;7
"POSTN|10631";"HNSCC41";13802;38;8
"POSTN|10631";"HNSCC1";13802;1;9
"POSTN|10631";"HNSCC50";13802;47;10
"POSTN|10631";"HNSCC47";13802;44;11
"POSTN|10631";"HNSCC38";13802;36;12
"POSTN|10631";"HNSCC20";13802;19;13
"POSTN|10631";"HNSCC13";13802;12;14
"POSTN|10631";"HNSCC30";13802;29;15
"POSTN|10631";"HNSCC14";13802;13;16
"POSTN|10631";"HNSCC19";13802;18;17
"POSTN|10631";"HNSCC11";13802;10;18
"POSTN|10631";"HNSCC35";13802;33;19
"PPP4R4|57718";"HNSCC30";13960;29;1
"PPP4R4|57718";"HNSCC26";13960;25;2
"PPP4R4|57718";"HNSCC24";13960;23;3
"PPP4R4|57718";"HNSCC47";13960;44;4
"PPP4R4|57718";"HNSCC22";13960;21;5
"PPP4R4|57718";"HNSCC32";13960;31;6
"PPP4R4|57718";"HNSCC17";13960;16;7
"PPP4R4|57718";"HNSCC5";13960;5;8
"PPP4R4|57718";"HNSCC40";13960;37;9
"PPP4R4|57718";"HNSCC38";13960;36;10
"PPP4R4|57718";"HNSCC16";13960;15;11
"PPP4R4|57718";"HNSCC35";13960;33;12
"PRAME|23532";"HNSCC32";13998;31;1
"PRAME|23532";"HNSCC30";13998;29;2
"PRAME|23532";"HNSCC29";13998;28;3
"PRAME|23532";"HNSCC15";13998;14;4
"PRAME|23532";"HNSCC10";13998;9;5
"PRAME|23532";"HNSCC47";13998;44;6
"PRAME|23532";"HNSCC16";13998;15;7
"PRAME|23532";"HNSCC13";13998;12;8
"PRAME|23532";"HNSCC34";13998;32;9
"PRAME|23532";"HNSCC5";13998;5;10
"PRAME|23532";"HNSCC7";13998;7;11
"PRAME|23532";"HNSCC50";13998;47;12
"PTH2R|5746";"HNSCC24";14340;23;1
"PTH2R|5746";"HNSCC48";14340;45;2
"PTH2R|5746";"HNSCC41";14340;38;3
"PTH2R|5746";"HNSCC35";14340;33;4
"PTH2R|5746";"HNSCC29";14340;28;5
"PTH2R|5746";"HNSCC44";14340;41;6
"PTH2R|5746";"HNSCC32";14340;31;7
"PTH2R|5746";"HNSCC42";14340;39;8
"PTH2R|5746";"HNSCC11";14340;10;9
"PTH2R|5746";"HNSCC50";14340;47;10
"PTH2R|5746";"HNSCC26";14340;25;11
"PTH2R|5746";"HNSCC20";14340;19;12
"PTH2R|5746";"HNSCC2";14340;2;13
"PTH2R|5746";"HNSCC15";14340;14;14
"PTH2R|5746";"HNSCC21";14340;20;15
"SCUBE3|222663";"HNSCC22";15638;21;1
"SCUBE3|222663";"HNSCC5";15638;5;2
"SCUBE3|222663";"HNSCC24";15638;23;3
"SCUBE3|222663";"HNSCC49";15638;46;4
"SCUBE3|222663";"HNSCC41";15638;38;5
"SCUBE3|222663";"HNSCC47";15638;44;6
"SCUBE3|222663";"HNSCC13";15638;12;7
"SCUBE3|222663";"HNSCC40";15638;37;8
"SCUBE3|222663";"HNSCC45";15638;42;9
"SCUBE3|222663";"HNSCC28";15638;27;10
"SCUBE3|222663";"HNSCC14";15638;13;11
"SCUBE3|222663";"HNSCC15";15638;14;12
"SLCO1B3|28234";"HNSCC20";16444;19;1
"SLCO1B3|28234";"HNSCC15";16444;14;2
"SLCO1B3|28234";"HNSCC43";16444;40;3
"SLCO1B3|28234";"HNSCC35";16444;33;4
"SLCO1B3|28234";"HNSCC10";16444;9;5
"SLCO1B3|28234";"HNSCC1";16444;1;6
"SLCO1B3|28234";"HNSCC37";16444;35;7
"SLCO1B3|28234";"HNSCC31";16444;30;8
"SLCO1B3|28234";"HNSCC19";16444;18;9
"SLCO1B3|28234";"HNSCC16";16444;15;10
"SLCO1B3|28234";"HNSCC23";16444;22;11
"SLCO1B3|28234";"HNSCC9";16444;8;12
"SLCO1B3|28234";"HNSCC42";16444;39;13
"SLCO1B3|28234";"HNSCC17";16444;16;14
"SOX14|8403";"HNSCC24";17022;23;1
"SOX14|8403";"HNSCC30";17022;29;2
"SOX14|8403";"HNSCC47";17022;44;3
"SOX14|8403";"HNSCC22";17022;21;4
"SOX14|8403";"HNSCC16";17022;15;5
"SOX14|8403";"HNSCC32";17022;31;6
"SOX14|8403";"HNSCC28";17022;27;7
"SOX14|8403";"HNSCC5";17022;5;8
"SOX14|8403";"HNSCC49";17022;46;9
"SOX14|8403";"HNSCC3";17022;3;10
"SOX14|8403";"HNSCC20";17022;19;11
"SULT1E1|6783";"HNSCC47";17481;44;1
"SULT1E1|6783";"HNSCC49";17481;46;2
"SULT1E1|6783";"HNSCC22";17481;21;3
"SULT1E1|6783";"HNSCC29";17481;28;4
"SULT1E1|6783";"HNSCC30";17481;29;5
"SULT1E1|6783";"HNSCC28";17481;27;6
"SULT1E1|6783";"HNSCC14";17481;13;7
"SULT1E1|6783";"HNSCC31";17481;30;8
"SULT1E1|6783";"HNSCC21";17481;20;9
"SULT1E1|6783";"HNSCC3";17481;3;10
"SULT1E1|6783";"HNSCC36";17481;34;11
"SULT1E1|6783";"HNSCC50";17481;47;12
"SULT1E1|6783";"HNSCC24";17481;23;13
"SULT1E1|6783";"HNSCC15";17481;14;14
"SYCP2|10388";"HNSCC24";17538;23;1
"SYCP2|10388";"HNSCC22";17538;21;2
"SYCP2|10388";"HNSCC48";17538;45;3
"SYCP2|10388";"HNSCC23";17538;22;4
"SYCP2|10388";"HNSCC25";17538;24;5
"SYCP2|10388";"HNSCC46";17538;43;6
"SYCP2|10388";"HNSCC41";17538;38;7
"SYCP2|10388";"HNSCC13";17538;12;8
"SYCP2|10388";"HNSCC42";17538;39;9
"SYCP2|10388";"HNSCC26";17538;25;10
"SYCP2|10388";"HNSCC43";17538;40;11
"SYCP2|10388";"HNSCC37";17538;35;12
"SYCP2|10388";"HNSCC16";17538;15;13
"SYCP2|10388";"HNSCC15";17538;14;14
"SYCP2|10388";"HNSCC1";17538;1;15
"SYCP2|10388";"HNSCC44";17538;41;16
"SYCP2|10388";"HNSCC14";17538;13;17
"SYCP2|10388";"HNSCC40";17538;37;18
"SYCP2|10388";"HNSCC49";17538;46;19
"SYCP2|10388";"HNSCC9";17538;8;20
"SYCP2|10388";"HNSCC30";17538;29;21
"SYCP2|10388";"HNSCC32";17538;31;22
"SYCP2|10388";"HNSCC5";17538;5;23
"SYCP2|10388";"HNSCC7";17538;7;24
"SYCP2|10388";"HNSCC19";17538;18;25
"SYCP2|10388";"HNSCC17";17538;16;26
"SYCP2|10388";"HNSCC20";17538;19;27
"SYCP2|10388";"HNSCC45";17538;42;28
"SYCP2|10388";"HNSCC29";17538;28;29
"SYCP2|10388";"HNSCC38";17538;36;30
"SYCP2|10388";"HNSCC31";17538;30;31
"SYCP2|10388";"HNSCC21";17538;20;32
"SYCP2|10388";"HNSCC4";17538;4;33
"SYCP2|10388";"HNSCC3";17538;3;34
"SYCP2|10388";"HNSCC12";17538;11;35
"SYCP2|10388";"HNSCC28";17538;27;36
"TG|7038";"HNSCC13";17956;12;1
"TG|7038";"HNSCC22";17956;21;2
"TG|7038";"HNSCC29";17956;28;3
"TG|7038";"HNSCC17";17956;16;4
"TG|7038";"HNSCC49";17956;46;5
"TG|7038";"HNSCC47";17956;44;6
"TG|7038";"HNSCC35";17956;33;7
"TG|7038";"HNSCC28";17956;27;8
"TG|7038";"HNSCC14";17956;13;9
"TG|7038";"HNSCC40";17956;37;10
"TG|7038";"HNSCC25";17956;24;11
"TG|7038";"HNSCC48";17956;45;12
